<?xml version="1.0" encoding="UTF-8"?>  
<beans xmlns="http://www.springframework.org/schema/beans"    
    xmlns:xsi="http://www.w3.org/2001/XMLSchema-instance"    
    xmlns:p="http://www.springframework.org/schema/p"    
    xmlns:context="http://www.springframework.org/schema/context"    
    xsi:schemaLocation="http://www.springframework.org/schema/beans    
http://www.springframework.org/schema/beans/spring-beans-3.0.xsd    
http://www.springframework.org/schema/context    
http://www.springframework.org/schema/context/spring-context-3.0.xsd">    
  
<context:component-scan base-package="com.hospital.controller"></context:component-scan>  
  
<bean class="org.springframework.web.servlet.view.InternalResourceViewResolver">  
<property name="prefix" value="/WEB-INF/jsp/"></property>
<property name="suffix" value=".jsp"></property>  
</bean>  
  
<bean id="ds" class="org.springframework.jdbc.datasource.DriverManagerDataSource">  
<property name="driverClassName" value="oracle.jdbc.driver.OracleDriver"></property>  
<property name="url" value="jdbc:oracle:thin:@10.232.71.29:1521:inatp02"></property>  
<property name="username" value="shobana"></property>  
<property name="password" value="shobana"></property>  
</bean>  
  
<bean id="jt" class="org.springframework.jdbc.core.JdbcTemplate">  
<property name="dataSource" ref="ds"></property>  
</bean>  
  
<bean id="dao" class="com.hospital.dao.HospitalDao">  
<property name="template" ref="jt"></property>  
</bean>  
</beans>  